<?xml version="1.0" encoding="UTF-8"?>
<con:soapui-project id="a60c4f6c-06c8-4cf7-ab8d-86208ebc5f55" activeEnvironment="Default" name="REST Project 1" soapui-version="5.5.0" abortOnError="false" runType="SEQUENTIAL" resourceRoot="${projectDir}" xmlns:con="http://eviware.com/soapui/config"><con:settings/><con:interface xsi:type="con:RestService" id="443b388a-b4da-4da3-8dc7-22e88e6d322d" wadlVersion="http://wadl.dev.java.net/2009/02" name="http://localhost:8080" type="rest" xmlns:xsi="http://www.w3.org/2001/XMLSchema-instance"><con:settings/><con:definitionCache type="TEXT" rootPart=""/><con:endpoints><con:endpoint>http://localhost:8080/</con:endpoint></con:endpoints><con:resource name="Requests" path="/discount" id="b0df53cc-b0ec-4e76-99e9-1b5b284fdb2d"><con:settings/><con:parameters/><con:method name="RequestFlights" id="4584e35d-71a3-480f-a159-b77cc90b9969" method="GET"><con:settings/><con:parameters/><con:representation type="RESPONSE"><con:mediaType>application/xml</con:mediaType><con:status>200</con:status><con:params/></con:representation><con:representation type="RESPONSE"><con:mediaType>text/html; charset=iso-8859-1</con:mediaType><con:status>200</con:status><con:params/><con:element>html</con:element></con:representation><con:representation type="RESPONSE"><con:mediaType>application/json</con:mediaType><con:status>200</con:status><con:params/><con:element xmlns:test="http://localhost/test">test:Response</con:element></con:representation><con:representation type="FAULT"><con:mediaType xsi:nil="true"/><con:status>404</con:status><con:params/><con:element>data</con:element></con:representation><con:representation type="FAULT"><con:mediaType xsi:nil="true"/><con:status>404</con:status><con:params/><con:element>data</con:element></con:representation><con:representation type="FAULT"><con:mediaType xsi:nil="true"/><con:status>404</con:status><con:params/><con:element>data</con:element></con:representation><con:representation type="FAULT"><con:mediaType xsi:nil="true"/><con:status>404</con:status><con:params/><con:element>data</con:element></con:representation><con:representation type="FAULT"><con:mediaType xsi:nil="true"/><con:status>404</con:status><con:params/><con:element>data</con:element></con:representation><con:representation type="FAULT"><con:mediaType xsi:nil="true"/><con:status>404</con:status><con:params/><con:element>data</con:element></con:representation><con:representation type="FAULT"><con:mediaType xsi:nil="true"/><con:status>404</con:status><con:params/><con:element>data</con:element></con:representation><con:representation type="FAULT"><con:mediaType xsi:nil="true"/><con:status>404</con:status><con:params/><con:element>data</con:element></con:representation><con:representation type="FAULT"><con:mediaType xsi:nil="true"/><con:status>404</con:status><con:params/><con:element>data</con:element></con:representation><con:representation type="FAULT"><con:mediaType xsi:nil="true"/><con:status>404</con:status><con:params/><con:element>data</con:element></con:representation><con:representation type="FAULT"><con:mediaType xsi:nil="true"/><con:status>404</con:status><con:params/><con:element>data</con:element></con:representation><con:request name="getInbounds/Outbounds" id="598c9caa-a850-4fa2-8d9f-cfb582f57ad4" mediaType="application/json"><con:settings><con:setting id="com.eviware.soapui.impl.wsdl.WsdlRequest@request-headers">&lt;xml-fragment/></con:setting></con:settings><con:endpoint>http://localhost:8080/</con:endpoint><con:request/><con:originalUri>http://localhost/test</con:originalUri><con:credentials><con:authType>No Authorization</con:authType></con:credentials><con:jmsConfig JMSDeliveryMode="PERSISTENT"/><con:jmsPropertyConfig/><con:parameters/><con:parameterOrder/></con:request></con:method><con:method name="RequestDiscount" id="a0786fb1-48fd-4128-9c28-4fb2cc6fa5e8" method="GET"><con:settings/><con:parameters/><con:representation type="RESPONSE"><con:mediaType>application/json</con:mediaType><con:status>200</con:status><con:params/><con:element xmlns:dis="http://localhost/discount">dis:Response</con:element></con:representation><con:request name="GetCityDiscount" id="09e7721e-f570-40a3-a628-701435ccce4a" mediaType="application/json"><con:settings><con:setting id="com.eviware.soapui.impl.wsdl.WsdlRequest@request-headers">&lt;xml-fragment/></con:setting></con:settings><con:endpoint>http://localhost:8080/</con:endpoint><con:request/><con:originalUri>http://localhost/discount</con:originalUri><con:credentials><con:authType>No Authorization</con:authType></con:credentials><con:jmsConfig JMSDeliveryMode="PERSISTENT"/><con:jmsPropertyConfig/><con:parameters/></con:request></con:method></con:resource></con:interface><con:restMockService id="85fda181-1a3a-4be5-abcd-976b98124a5e" port="8080" path="/" host="GO040227" name="REST MockService 1"><con:settings/><con:properties/><con:restMockAction name="ResponseFlights" method="GET" resourcePath="" id="6845eb80-94a2-4a3d-a7ea-3b708a4dd244"><con:settings/><con:defaultResponse xsi:nil="true" xmlns:xsi="http://www.w3.org/2001/XMLSchema-instance"/><con:dispatchStyle>SEQUENCE</con:dispatchStyle><con:dispatchPath>/*
// Script dispatcher is used to select a response based on the incoming request.
// Here are few examples showing how to match based on path, query param, header and body

// Match based on path
def requestPath = mockRequest.getPath()
log.info "Path: "+ requestPath

if( requestPath.contains("json") )
{
    // return the name of the response you want to dispatch
    return "JSON Response"
}


// Match based on query parameter
def queryString = mockRequest.getRequest().getQueryString()
log.info "QueryString: " + queryString

if( queryString.contains("stockholm") )
{
    // return the name of the response you want to dispatch
    return "Response Stockholm"
}
else if( queryString.contains("london") )
{
    // return the name of the response you want to dispatch
    return "Response London"
}


// Match based on header
def acceptEncodingHeaderList = mockRequest.getRequestHeaders().get("Accept-Encoding")
log.info "AcceptEncoding Header List: " + acceptEncodingHeaderList

if( acceptEncodingHeaderList.contains("gzip,deflate") )
{
    // return the name of the response you want to dispatch
    return "GZiped Response"
}


// Match based on body
def requestBody = mockRequest.getRequestContent()
log.info "Request body: " + requestBody

if( requestBody.contains("some data") )
{
    // return the name of the response you want to dispatch
    return "Response N"
}
*/
</con:dispatchPath><con:response name="ResponseInbounds/Outbounds" id="41fa7d96-6014-4333-aecb-815462f1b2a0" httpResponseStatus="200" mediaType="application/json"><con:settings/><con:responseContent>{
	"inbound": {
		"airline" : "Sunfyre",
		"airlineImage": "http://dragonimages.net/images/gallery/dragon-images-by-unknown-239.jpg",
		"arrivalDate": "4/4/2628",
		"arrivalTime": "20:32",
		"departureDate": "2:37",
		"destination": "Mantarys",
		"origin": "Gulltown"
	},
	"outbound": {
		"airline" : "Valryon",
		"airlineImage" : "http://dragonimages.net/images/gallery/dragon-images-by-unknown-229.jpg",
		"arrivalDate": "9/26/2689",
		"arrivalTime": "5:50",
		"departureDate": "12/1/2679",
		"departureTime": "11:45",
		"destination": "Gulltown",
		"origin": "Mantarys"
	},
	"price": 9069.99,
}
</con:responseContent></con:response></con:restMockAction><con:restMockAction name="discount" method="GET" resourcePath="/discount" id="194b5b92-0d1d-4fc5-a170-15c834be579d"><con:settings/><con:defaultResponse xsi:nil="true" xmlns:xsi="http://www.w3.org/2001/XMLSchema-instance"/><con:dispatchStyle>SEQUENCE</con:dispatchStyle><con:dispatchPath>/*
// Script dispatcher is used to select a response based on the incoming request.
// Here are few examples showing how to match based on path, query param, header and body

// Match based on path
def requestPath = mockRequest.getPath()
log.info "Path: "+ requestPath

if( requestPath.contains("json") )
{
    // return the name of the response you want to dispatch
    return "JSON Response"
}


// Match based on query parameter
def queryString = mockRequest.getRequest().getQueryString()
log.info "QueryString: " + queryString

if( queryString.contains("stockholm") )
{
    // return the name of the response you want to dispatch
    return "Response Stockholm"
}
else if( queryString.contains("london") )
{
    // return the name of the response you want to dispatch
    return "Response London"
}


// Match based on header
def acceptEncodingHeaderList = mockRequest.getRequestHeaders().get("Accept-Encoding")
log.info "AcceptEncoding Header List: " + acceptEncodingHeaderList

if( acceptEncodingHeaderList.contains("gzip,deflate") )
{
    // return the name of the response you want to dispatch
    return "GZiped Response"
}


// Match based on body
def requestBody = mockRequest.getRequestContent()
log.info "Request body: " + requestBody

if( requestBody.contains("some data") )
{
    // return the name of the response you want to dispatch
    return "Response N"
}
*/
</con:dispatchPath><con:response name="ResponseCityDiscount" id="bac0b02d-610f-457f-92b9-769533200a96" httpResponseStatus="200" mediaType="application/json"><con:settings/><con:responseContent>{ "city": "White Harbor", "discount": 99 }</con:responseContent></con:response></con:restMockAction></con:restMockService><con:properties/><con:wssContainer/><con:oAuth2ProfileContainer/><con:oAuth1ProfileContainer/><con:sensitiveInformation/></con:soapui-project>